{"initial_reset_timestamp": 1652952837.3072183, "timestamps": [1652952856.699969], "episode_lengths": [247], "episode_rewards": [34.13810167051699], "episode_types": ["t"]}